COMPANY,A01C,A01G,A01H,A01K,A01M,A01N,A01P,A21D,A23B,A23C,A23D,A23F,A23G,A23J,A23K,A23L,A23P,A24B,A24F,A41D,A44B,A45B,A45C,A45D,A47C,A47F,A47G,A47K,A47L,A61B,A61C,A61D,A61F,A61G,A61H,A61J,A61K,A61L,A61M,A61N,A61P,A61Q,A62B,A62D,A63B,A63F,B01D,B01F,B01J,B01L,B02C,B03B,B03C,B04B,B04C,B05B,B05C,B05D,B06B,B07B,B07C,B08B,B09B,B21D,B23K,B23P,B24B,B24D,B25H,B25J,B26D,B26F,B27K,B27N,B28B,B29B,B29C,B29D,B29K,B29L,B30B,B31B,B32B,B33Y,B41F,B41J,B41K,B41M,B43K,B43M,B60C,B60J,B60K,B60N,B60R,B63B,B64D,B65B,B65C,B65D,B65G,B65H,B66B,B66F,B67B,B67C,B67D,B81B,B81C,B82Y,C01B,C01D,C01F,C01G,C02F,C03B,C03C,C04B,C05B,C05D,C05G,C06B,C06D,C07B,C07C,C07D,C07H,C07K,C07M,C08B,C08C,C08F,C08G,C08H,C08J,C08K,C08L,C09B,C09C,C09D,C09F,C09J,C09K,C10B,C10G,C10L,C10M,C10N,C11B,C11C,C11D,C12C,C12F,C12G,C12H,C12J,C12M,C12N,C12P,C12Q,C12R,C13B,C22B,C22C,C23C,C23F,C25B,C25D,C25F,C30B,C40B,C01F,C02G,C03D,C04B,D04C,D04H,D06M,D06P,D21B,D21C,D21H,E01B,E02B,E04B,E04C,E04F,E04H,E06B,E06C,F21B,F01N,F15B,F16B,F16C,F16D,F16F,F16K,F17C,F21S,F21V,F21Y,F23J,F23Q,F24F,F26B,F28D,G01B,G01D,G01F,C01G,G01H,G01J,G01M,G01P,G01R,G01V,G02B,G02C,G02F,G03B,G03C,G03F,G03G,G04F,G05B,G05F,G06G,C06K,G06M,G06N,G06Q,C07F,G07G,G08B,C08G,G09B,G09F,C09G,G11B,G11C,G16B,G16C,G16H,G21F,G21G,G21K,H01B,H01F,H01G,H01H,H01J,H01L,H01M,H01Q,H01R,H01S,H01T,H02H,H02J,H02K,H02M,H02N,H03L,H03M,H04B,H04L,H04N,H04R,H04W,H05B,H05K
ASKA PHARMA HOLDINGS,0,0,0,0,0.000755858,0.006802721,0,0,0,0,0,0,0,0,0.003023432,0.001511716,0,0,0,0,0,0,0,0,0,0,0,0,0,0,0,0,0,0.001511716,0,0,0.348450491,0.002267574,0.000755858,0,0.62962963,0,0,0,0,0,0,0,0,0,0,0,0,0,0,0,0,0,0,0,0,0,0,0,0,0,0,0,0,0,0,0,0,0,0,0,0,0,0,0,0,0,0.000755858,0,0,0,0,0,0,0,0,0,0,0,0,0,0,0,0,0,0,0,0,0,0,0,0,0,0,0,0,0,0,0,0,0,0,0,0,0,0,0,0,0,0,0,0,0,0,0,0,0,0,0,0,0,0,0,0,0,0,0,0,0,0,0,0,0,0,0,0,0,0,0,0,0,0,0,0,0,0,0,0,0,0,0,0,0,0,0.002267574,0,0,0,0,0,0,0,0,0,0,0,0,0,0,0,0,0,0,0,0,0,0,0,0,0,0,0,0,0,0,0,0,0,0,0,0,0,0,0,0,0,0,0,0,0,0,0,0,0,0,0,0,0,0,0,0,0,0,0,0,0,0.002267574,0,0,0,0,0,0,0,0,0,0,0,0,0,0,0,0,0,0,0,0,0,0,0,0,0,0,0,0,0,0,0,0,0,0,0,0,0,0,0,0
ASTELLAS PHARMA INC,0,0,0,0.002385009,0,0.003634299,0,0,0,0,0,0,0,0,0.000113572,0.000454287,0,0,0,0,0,0,0,0,0,0,0,0,0,0.000340716,0,0,0.000567859,0,0,0.001930721,0.534582624,0.002044293,0.000908575,0,0.43157297,0.000340716,0,0,0.000113572,0.000454287,0.000567859,0,0.000567859,0,0,0,0,0.000227144,0,0,0,0.000113572,0,0,0,0,0,0,0,0,0,0,0,0,0,0,0,0,0,0,0.000227144,0,0,0,0,0,0.000567859,0,0,0.000113572,0,0,0,0,0,0,0,0,0,0,0,0.000227144,0,0.008404316,0.000795003,0,0,0,0,0,0,0,0,0,0.000227144,0,0,0.000567859,0.000340716,0,0,0,0,0,0,0,0,0.000681431,0.000567859,0,0,0.000567859,0,0.000227144,0,0,0.000113572,0,0,0,0,0,0,0,0,0,0.000795003,0,0,0,0,0,0,0,0,0,0,0,0,0,0.000113572,0,0.000227144,0.000340716,0.000454287,0,0,0,0,0,0,0,0,0,0.000113572,0,0,0,0,0,0,0,0,0,0,0,0,0,0,0,0,0.000113572,0,0,0,0,0,0,0,0,0,0,0,0,0,0,0,0,0,0,0,0.000113572,0,0,0.000227144,0,0.000227144,0,0,0.000227144,0,0.000227144,0,0,0,0,0,0.000227144,0,0,0,0,0.001022147,0,0,0.000454287,0,0,0,0,0,0,0,0,0,0,0,0.000113572,0,0.000227144,0,0,0,0,0,0,0,0,0,0,0,0,0,0,0,0,0,0,0,0,0,0.000227144,0,0,0,0
BIOFERMIN PHARMA,0,0,0,0.005208333,0,0,0,0,0,0,0,0,0,0,0.010416667,0.036458333,0,0,0,0,0,0,0,0,0,0,0,0,0,0,0,0,0,0,0,0,0.479166667,0,0,0,0.40625,0.020833333,0,0,0,0,0.005208333,0,0,0,0,0,0,0,0,0,0,0,0,0,0,0,0,0,0,0,0,0,0,0,0,0,0,0,0,0,0,0,0,0,0,0,0,0,0,0,0,0,0,0,0,0,0,0,0,0,0,0,0,0.010416667,0,0,0,0,0,0,0,0,0,0,0,0,0,0,0,0,0,0,0,0,0,0,0,0,0,0,0,0,0,0,0,0,0,0,0,0,0,0,0,0,0,0,0,0,0,0,0,0,0,0,0,0,0,0,0,0,0,0,0,0,0.015625,0,0,0,0,0,0,0,0,0,0,0,0,0,0,0,0,0,0,0,0,0,0,0,0,0,0,0,0,0,0,0,0,0,0,0,0,0,0,0,0,0,0,0,0,0.010416667,0,0,0,0,0,0,0,0,0,0,0,0,0,0,0,0,0,0,0,0,0,0,0,0,0,0,0,0,0,0,0,0,0,0,0,0,0,0,0,0,0,0,0,0,0,0,0,0,0,0,0,0,0,0,0,0,0,0,0,0,0,0,0,0,0,0
CHUGAI PHARMA,0.000194477,0,0,0.013029949,0.004861921,0.012252042,0.000388954,0,0,0,0,0,0,0,0.000194477,0.000194477,0,0,0,0,0.000194477,0,0,0.000194477,0,0,0,0,0,0.000194477,0,0.000194477,0.000388954,0.000194477,0,0.004861921,0.439712174,0.004667445,0.002528199,0,0.457798522,0.000777907,0,0,0,0,0.003889537,0.000972384,0.003500583,0,0,0,0,0,0,0.001361338,0,0.000388954,0,0,0,0.000194477,0,0.000194477,0,0,0,0,0,0,0,0,0,0,0,0.000194477,0.000388954,0,0,0,0,0,0.000777907,0,0,0,0,0,0,0,0,0,0,0,0,0,0,0.001361338,0,0.007779074,0,0,0,0,0.000194477,0,0,0,0,0,0.000194477,0,0,0,0.000388954,0,0,0,0,0,0,0,0.000194477,0.00311163,0,0.000194477,0.000194477,0.000388954,0.000972384,0.004472968,0,0,0.000583431,0,0,0,0.000194477,0,0,0,0,0,0.003889537,0,0,0,0,0,0,0,0,0,0,0,0,0,0.002333722,0.000194477,0.000194477,0.001166861,0,0,0,0,0,0,0,0,0,0,0.012057565,0,0,0,0,0,0,0,0,0,0,0,0,0,0,0,0.000194477,0,0,0,0,0,0,0.000388954,0,0,0,0,0.000194477,0,0,0,0,0,0.000194477,0,0,0,0,0.000583431,0,0,0,0,0,0,0,0,0,0,0.000583431,0,0.000194477,0,0,0,0,0,0,0,0.000194477,0,0,0,0,0,0,0.000388954,0,0,0,0.000194477,0.000388954,0,0,0,0.000388954,0,0,0,0.000583431,0,0,0,0,0,0,0,0,0,0,0,0,0,0,0,0,0,0,0.000583431,0.000194477,0
DAIICHI SANKYO CO LTD,0,7.8796E-05,0,0.00118194,0,0.002442676,0.000315184,0,0,0,0,0,0,0,0.000315184,0.00078796,0,0,0,0,0,0,0,0,0,0,0,0,0,0,0,0,0.001024348,0,0.000157592,0.0019699,0.478528091,0.002994248,0.000551572,0.000315184,0.481049563,0.004491372,0,0,0,0,0.000945552,0.00039398,0.002836656,0,0,0,0,0,0,0,0,0,0,0,0,0,0,0,7.8796E-05,0,0,0,0,0,0,0,0,0,0,0,0.000236388,0,0,0,7.8796E-05,0,0.000551572,0,0,0,0,0,0,0,0,0,0,0,0,0,0,0.000157592,0,0.003230636,0,0,0,0,0,0,0,0,0,0,7.8796E-05,0,0,0,7.8796E-05,0,0,0,0,0,0,0,0,0.005279332,0,0,0,0,0.000472776,0.000157592,0,0,0.000630368,0,0,0,0,0,0,0,0,0,7.8796E-05,0,0,0,0,0,0,0,0,0,0,0,0,0,0.000315184,0,0.000157592,0.00078796,7.8796E-05,0,7.8796E-05,0.000236388,0,0,0,7.8796E-05,7.8796E-05,0,0.003073044,0,0,0,0,0,0,0,0,0,0,0.000236388,0,0,0,0,0,0,0,0,7.8796E-05,0,0,0,0,0,0,0,0,0,0,0,0,0,0,0,0,0.000472776,0,0,0,0,0,0,0,0.000315184,0,0.000157592,0,7.8796E-05,0,0,0,0,0,0.000157592,0,0,0.000472776,0,0,0,0,0,7.8796E-05,0,0,0.000315184,0,0,0,0,0,7.8796E-05,0,0,0,0,0,7.8796E-05,0,7.8796E-05,0,7.8796E-05,0.000315184,0,0,7.8796E-05,7.8796E-05,0.000315184,0,0,7.8796E-05,0,0,7.8796E-05,0,0,0,0,0,0
DAINIPPON SUMITOMO,0,0,0.000136986,0.001917808,0,0.00109589,0.000136986,0,0,0,0,0,0.000410959,0,0,0.003150685,0,0,0,0,0,0,0,0,0,0,0,0,0,0.008356164,0,0,0.000136986,0.000136986,0,0.000273973,0.447945205,0.006986301,0.000273973,0.000136986,0.508630137,0.001780822,0,0,0,0,0.000410959,0.000136986,0.001232877,0,0,0,0,0,0,0,0.000410959,0.000273973,0,0,0.000136986,0,0,0,0,0,0,0,0,0,0,0,0,0.000136986,0,0,0.000136986,0,0,0,0,0,0.000136986,0,0,0,0,0,0,0,0,0,0,0,0,0,0,0.000273973,0,0.002739726,0.000273973,0,0,0,0,0,0,0,0,0.000136986,0,0,0.000136986,0,0,0,0,0,0,0,0,0,0,0.002739726,0,0,0,0,0.000136986,0.000410959,0,0,0.000273973,0,0,0,0,0,0,0,0,0,0.000136986,0,0,0,0,0,0,0,0,0,0,0,0,0,0.000958904,0,0,0.000136986,0,0,0,0,0,0,0,0,0,0.000136986,0.001232877,0,0,0,0,0,0,0,0,0,0,0,0,0,0,0,0,0,0,0,0,0,0,0,0,0,0,0,0,0,0,0,0,0,0,0,0,0,0.000684932,0,0,0,0,0,0,0.000410959,0,0.000136986,0,0,0,0,0.000410959,0,0,0,0,0,0.000136986,0,0.000273973,0.001232877,0,0,0,0.000410959,0.000136986,0.000136986,0.000410959,0,0,0,0,0.000410959,0,0,0,0,0,0,0,0,0,0,0,0,0,0,0,0,0.000136986,0,0,0,0,0,0.000136986,0,0,0.000410959,0,0.000273973
DAITO PHARMA,0,0,0,0,0,0.012048193,0,0,0,0,0,0,0,0,0,0.060240964,0,0,0,0,0,0,0,0,0,0,0,0,0,0,0,0,0,0,0,0,0.469879518,0,0,0,0.277108434,0,0,0,0,0,0,0.024096386,0.048192771,0,0.060240964,0,0,0,0,0,0,0,0,0,0,0,0,0,0,0,0,0,0,0,0,0,0,0,0,0,0,0,0,0,0,0,0,0,0,0,0,0,0,0,0,0,0,0,0,0,0,0,0,0,0,0,0,0,0,0,0,0,0,0,0,0,0,0,0,0,0,0,0,0,0,0,0,0,0,0,0,0,0,0.024096386,0,0,0,0,0,0,0,0,0,0,0,0,0,0,0,0,0,0,0,0,0,0,0.012048193,0,0,0,0,0,0.012048193,0,0,0,0,0,0,0,0,0,0,0,0,0,0,0,0,0,0,0,0,0,0,0,0,0,0,0,0,0,0,0,0,0,0,0,0,0,0,0,0,0,0,0,0,0,0,0,0,0,0,0,0,0,0,0,0,0,0,0,0,0,0,0,0,0,0,0,0,0,0,0,0,0,0,0,0,0,0,0,0,0,0,0,0,0,0,0,0,0,0,0,0,0,0,0,0,0,0,0,0,0,0,0,0,0,0,0,0,0,0,0,0,0
EIKEN CHEMICAL CO LTD,0,0,0,0,0,0,0,0,0,0,0,0,0,0,0,0,0,0,0,0,0,0,0,0,0,0,0,0,0,0.03030303,0,0,0,0,0,0.01010101,0.050505051,0,0,0,0.04040404,0,0,0,0,0,0.111111111,0,0,0.121212121,0,0,0,0.01010101,0,0.01010101,0,0,0,0,0,0,0,0,0,0,0,0,0,0,0,0,0,0,0,0,0,0,0,0,0,0,0,0,0,0,0,0,0,0,0,0,0,0,0,0,0,0,0,0.343434343,0,0,0,0,0,0,0,0,0,0,0,0,0,0,0,0,0,0,0,0,0,0,0,0,0,0,0,0,0,0,0,0,0,0,0,0,0,0,0,0,0,0,0,0,0,0,0,0,0,0,0,0,0,0,0,0,0.232323232,0,0,0.01010101,0,0,0,0,0,0,0,0,0,0,0,0,0,0,0,0,0,0,0,0,0,0,0,0,0,0,0,0,0,0,0,0,0,0,0,0,0,0,0,0,0,0,0,0,0,0,0,0,0,0.03030303,0,0,0,0,0,0,0,0,0,0,0,0,0,0,0,0,0,0,0,0,0,0,0,0,0,0,0,0,0,0,0,0,0,0,0,0,0,0,0,0,0,0,0,0,0,0,0,0,0,0,0,0,0,0,0,0,0,0,0,0,0,0
EISAI CO LTD,0,0,0,0.00261749,0,0.00594884,0.000118977,0,0,0,0.000237954,0,0,0,0.000237954,0.009042237,0,0,0.000118977,0,0,0,0,0,0,0,0,0,0,0.001546698,0.000118977,0,0.00856633,0.000118977,0,0.004878049,0.502201071,0.003212374,0.000951814,0.000475907,0.423081499,0.001546698,0,0,0,0,0.000237954,0.000594884,0.004045211,0.000118977,0.000118977,0,0,0.000118977,0,0.000118977,0,0.000237954,0,0,0.000118977,0,0,0,0,0,0,0,0,0,0,0,0,0,0,0,0.000237954,0,0,0,0.00035693,0,0.003093397,0,0.000118977,0,0,0.000594884,0,0,0,0.000118977,0.000118977,0.000237954,0.000118977,0,0,0.00333135,0.00035693,0.006186794,0.001903629,0.000594884,0,0,0,0,0,0,0,0,0,0,0,0,0,0,0,0,0,0,0,0,0,0.00261749,0,0,0,0,0.000118977,0.00035693,0,0,0.000594884,0,0,0,0,0,0,0,0,0,0.00035693,0,0,0,0,0,0,0,0,0,0,0,0,0,0.000594884,0,0,0.000594884,0.000118977,0,0,0,0.000118977,0,0.000118977,0,0,0,0.000951814,0,0,0,0,0.000118977,0.00035693,0.000118977,0,0.000118977,0.000118977,0,0,0,0.000237954,0,0,0,0,0,0,0,0,0,0,0,0,0,0,0,0,0,0,0.000118977,0,0,0,0,0,0,0.000118977,0,0.000237954,0,0,0.000475907,0,0,0,0,0,0,0,0,0,0,0,0,0,0.00035693,0.000118977,0.00035693,0,0,0,0,0,0.000237954,0,0,0,0.000118977,0,0.000118977,0,0,0,0,0,0,0,0.000237954,0,0,0,0,0,0,0,0,0,0,0,0,0.000237954,0.00035693,0.001189768,0,0,0,0,0
FUJI PHARMA,0,0,0,0,0,0,0,0,0,0,0,0,0,0,0,0.009615385,0,0,0,0,0,0.019230769,0,0,0,0,0,0,0,0,0,0,0,0,0.019230769,0,0.663461538,0,0,0,0.125,0,0,0,0,0,0,0,0,0,0,0,0,0,0,0,0,0,0,0,0,0,0,0,0,0,0,0,0,0,0,0,0,0,0,0,0,0,0,0,0,0,0,0,0,0,0,0,0,0,0,0,0,0,0,0,0,0,0,0.019230769,0,0,0,0,0,0,0,0,0,0,0,0,0,0,0,0,0,0,0,0,0,0,0,0,0,0,0,0,0,0,0,0,0,0,0,0,0,0,0,0,0,0,0,0,0,0,0,0,0,0,0.009615385,0,0,0,0,0,0,0,0,0,0,0,0,0,0,0,0,0,0,0,0,0,0,0,0,0,0,0,0,0,0,0,0,0,0,0,0,0,0,0,0,0,0,0,0,0,0,0,0,0,0,0,0,0,0,0,0,0,0,0.019230769,0,0,0,0,0,0,0,0,0,0,0,0,0.115384615,0,0,0,0,0,0,0,0,0,0,0,0,0,0,0,0,0,0,0,0,0,0,0,0,0,0,0,0,0,0,0,0,0,0,0,0,0,0,0,0,0,0,0,0,0,0,0,0,0
FUSO PHARMA,0,0,0,0.012254902,0,0,0,0,0.012254902,0,0,0,0,0,0,0.007352941,0,0,0,0,0,0,0,0,0,0,0.00245098,0,0,0.004901961,0,0.00245098,0.024509804,0.004901961,0.00245098,0.026960784,0.360294118,0.004901961,0.036764706,0,0.360294118,0.00245098,0,0,0,0,0,0,0,0,0,0,0,0,0,0,0,0,0,0,0,0,0,0,0,0,0,0,0,0,0,0,0,0,0,0,0,0,0,0,0,0,0,0,0,0,0,0,0,0,0,0,0,0,0,0,0,0.00245098,0,0.107843137,0.00245098,0,0,0,0,0,0,0,0,0,0,0,0,0,0,0,0,0,0,0,0,0,0,0,0,0,0,0,0,0.007352941,0,0,0,0,0,0,0,0,0,0,0,0,0,0,0,0,0,0,0,0,0,0,0,0,0,0,0.004901961,0,0,0.004901961,0.00245098,0,0,0,0,0,0,0,0,0,0,0,0,0,0,0,0,0,0,0,0,0,0,0,0,0,0,0,0,0,0,0,0,0,0,0,0,0,0,0,0,0,0,0,0,0,0,0,0,0,0,0,0,0,0,0,0,0,0.00245098,0,0,0,0,0,0,0,0,0,0,0,0,0,0,0,0,0,0,0,0,0,0,0,0,0,0,0,0,0,0,0,0,0,0,0,0,0,0,0,0,0,0,0,0,0,0,0,0,0,0,0,0,0
HISAMITSU PHARMA,0,0,0,0,0,0.000254712,0,0,0,0,0,0,0,0,0,0,0,0,0,0,0,0,0,0.000254712,0,0.000764137,0,0,0,0.003056546,0,0,0.020122262,0,0,0.005094244,0.672949567,0.028018339,0.020631686,0.011462048,0.183647478,0.004839531,0,0,0,0,0.000254712,0,0.002037697,0,0,0,0,0,0,0.000509424,0,0,0,0,0,0,0,0,0,0,0.001528273,0.000254712,0,0,0,0,0,0,0,0,0.001273561,0,0.000254712,0,0,0,0.015537443,0,0,0,0,0,0,0,0,0,0,0,0,0,0,0.001782985,0,0.017320428,0,0,0,0,0,0,0,0.000254712,0.000509424,0,0,0,0,0.000509424,0.000254712,0,0,0,0,0,0,0,0,0,0,0,0,0,0,0.000254712,0,0.000254712,0.000764137,0,0,0,0,0,0,0,0.000254712,0.000254712,0.000764137,0,0,0,0,0,0,0,0,0,0,0,0,0,0.001273561,0,0,0,0,0,0,0,0,0,0,0,0,0,0,0,0,0,0.000254712,0,0.001018849,0.000509424,0.000509424,0,0,0,0,0,0,0,0,0,0,0,0,0,0,0,0,0,0,0,0,0,0,0,0,0,0,0,0,0,0,0,0,0,0,0,0,0,0,0,0,0,0,0,0,0,0,0,0,0,0,0,0,0,0,0,0,0,0,0,0,0,0,0,0,0,0,0,0,0,0,0,0,0.000509424,0,0,0,0,0,0,0,0,0,0,0,0,0,0,0,0,0,0,0,0
JCR PHARMA,0,0,0,0.005928854,0,0,0,0,0,0,0,0,0,0,0,0,0,0,0,0,0,0,0,0,0,0,0,0,0,0.001976285,0,0.001976285,0,0,0,0.007905138,0.539525692,0.011857708,0.061264822,0,0.324110672,0,0,0,0,0,0.007905138,0,0.003952569,0,0,0,0,0,0,0,0,0,0,0.003952569,0,0,0,0,0,0,0,0,0,0,0,0,0,0,0,0,0,0,0,0,0,0,0,0,0,0,0,0,0,0,0,0,0,0,0,0,0,0,0,0.013833992,0,0,0,0,0,0,0,0,0,0,0,0,0,0,0,0,0,0,0,0,0,0,0,0,0,0,0,0,0,0,0,0,0.005928854,0,0,0,0,0,0,0,0,0,0,0,0,0,0,0,0,0,0,0,0,0,0,0,0.007905138,0,0,0,0,0,0,0,0,0,0,0,0,0,0,0,0,0,0,0,0,0,0,0,0,0,0,0,0,0,0,0,0,0,0,0,0,0,0,0,0,0,0,0,0,0,0,0,0,0,0,0,0,0,0,0,0,0,0,0,0,0,0,0,0,0,0,0,0,0,0,0,0,0,0,0,0,0,0,0,0,0,0,0,0,0,0,0,0,0,0,0,0,0,0,0,0,0,0,0,0,0,0,0.001976285,0,0,0,0,0,0,0,0,0,0,0,0
KAKEN PHARMA,0.001984127,0.000992063,0,0,0.000992063,0.027777778,0.017857143,0,0,0,0,0,0,0,0,0.000992063,0,0,0,0,0,0,0,0.000992063,0,0,0,0,0,0.000992063,0,0,0.00297619,0,0,0.004960317,0.404761905,0.016865079,0.008928571,0,0.494047619,0,0,0,0,0,0.000992063,0,0,0,0,0,0,0,0.001984127,0,0,0,0,0.006944444,0,0,0,0,0,0,0,0,0,0,0,0,0,0,0,0,0,0,0,0,0,0,0,0,0,0,0,0,0,0,0,0,0,0,0,0,0,0,0,0,0,0,0,0,0,0,0,0,0,0,0,0,0,0,0.000992063,0,0,0,0,0,0,0,0,0.003968254,0,0,0,0,0,0,0,0,0,0,0,0,0,0,0,0,0,0,0,0,0,0,0,0,0,0,0,0,0,0,0,0,0,0,0,0,0,0,0,0,0,0,0,0,0,0,0,0,0,0,0,0,0,0,0,0,0,0,0,0,0,0,0,0,0,0,0,0,0,0,0,0,0,0,0,0,0,0,0,0,0,0,0,0,0,0,0,0,0,0,0,0,0,0,0,0,0,0,0,0,0,0,0,0,0,0,0,0,0,0,0,0,0,0,0,0,0,0,0,0,0,0,0,0,0,0,0,0,0,0,0,0,0,0,0,0,0,0,0,0,0,0,0,0,0,0,0,0
KISSEI PHARMA,0,0,0,0.000323939,0,0.006154843,0,0,0,0,0,0,0,0,0,0.007450599,0,0,0,0,0,0,0,0,0,0,0,0.000323939,0,0.000323939,0,0,0,0,0.000323939,0.000647878,0.461289278,0.001295756,0,0,0.514091351,0,0,0,0,0,0.000323939,0,0.000323939,0,0,0,0.000647878,0,0,0,0,0,0,0.002591513,0,0,0,0,0,0,0,0,0,0,0,0,0,0,0,0,0,0,0,0,0,0,0,0,0,0,0,0,0,0,0,0,0,0,0,0,0,0,0,0.000647878,0,0,0,0,0,0,0,0,0,0,0,0,0,0,0,0,0,0,0,0,0,0,0,0.002267574,0,0.000323939,0,0,0.000647878,0,0,0,0,0,0,0,0,0,0,0,0,0,0,0,0,0,0,0,0,0,0,0,0,0,0,0,0,0,0,0,0,0,0,0,0,0,0,0,0,0,0,0,0,0,0,0,0,0,0,0,0,0,0,0,0,0,0,0,0,0,0,0,0,0,0,0,0,0,0,0,0,0,0,0,0,0,0,0,0,0,0,0,0,0,0,0,0,0,0,0,0,0,0,0,0,0,0,0,0,0,0,0,0,0,0,0,0,0,0,0,0,0,0,0,0,0,0,0,0,0,0,0,0,0,0,0,0,0,0,0,0,0,0,0,0,0,0,0,0,0,0,0
KYORIN HOLDINGS INC,0,0,0,0.000273224,0,0.001639344,0,0,0,0,0,0,0,0,0,0,0,0,0,0,0,0,0,0,0,0,0,0,0,0,0.001092896,0,0.000273224,0,0,0.000819672,0.388797814,0.000546448,0.000273224,0.000273224,0.591530055,0.000273224,0,0,0,0,0.000819672,0.000273224,0.000819672,0,0,0,0,0,0,0,0,0,0,0,0,0,0,0,0,0,0,0,0,0,0,0,0,0,0,0,0.000273224,0,0,0,0,0,0.000273224,0,0,0,0,0,0,0,0,0,0,0,0,0,0,0.000546448,0,0.001639344,0.000819672,0,0,0,0,0,0,0,0,0,0,0,0,0,0,0,0,0,0,0,0,0,0,0.004918033,0,0,0,0,0.001639344,0,0,0,0,0,0,0,0,0,0,0,0,0,0,0,0,0,0,0,0,0,0,0,0,0,0,0,0.001092896,0,0,0,0,0,0,0,0,0,0,0,0,0,0,0,0,0,0,0,0,0,0,0,0,0,0,0,0,0,0,0,0,0,0,0,0,0,0,0,0,0,0,0,0,0,0,0,0,0,0,0,0,0,0,0,0,0,0,0.000546448,0,0,0,0,0,0,0,0,0,0,0.000273224,0,0,0,0,0,0,0,0,0,0,0,0,0,0,0,0,0,0,0,0,0,0,0,0,0.000273224,0,0,0,0,0,0,0,0,0,0,0,0,0,0,0,0,0,0,0,0
KYOWA KIRIN CO LTD,0,0.000555803,0,0.007558915,0,0.003890618,0.000111161,0.002000889,0,0,0.000444642,0.000444642,0.002890173,0.000666963,0.009226323,0.031124944,0,0,0,0.000111161,0,0,0,0,0.000111161,0,0.000111161,0,0,0,0,0.000111161,0.000222321,0,0,0.002445531,0.433859493,0.001000445,0.000889284,0.000111161,0.457425522,0.003334815,0.000111161,0,0,0,0.002779013,0.000111161,0.004112939,0,0,0,0,0.000111161,0,0.000111161,0,0.000222321,0.000111161,0,0,0,0,0,0.000111161,0,0,0,0,0,0.000111161,0,0,0,0,0,0.000111161,0,0,0,0.000222321,0.000111161,0.001445087,0,0,0,0,0.001445087,0,0,0,0,0,0,0,0,0,0.000222321,0,0.003112494,0.001000445,0.000555803,0,0,0,0,0,0,0,0.000111161,0.000444642,0,0.000444642,0,0.000555803,0,0,0,0,0,0,0,0,0.001222766,0.000111161,0,0,0,0,0,0,0,0.001000445,0,0,0,0.000222321,0.000222321,0,0,0,0,0.000555803,0,0,0.000111161,0,0,0.000111161,0,0,0.000111161,0.000111161,0.000778124,0.000111161,0.000111161,0.000444642,0,0.001000445,0.000222321,0.001778568,0,0,0,0,0,0.001222766,0,0,0.002334371,0.000666963,0,0,0,0,0,0.000111161,0.000555803,0,0,0,0,0.000111161,0,0,0,0,0,0,0,0,0,0.000111161,0,0,0,0,0,0.000111161,0,0,0,0,0,0,0,0.000222321,0,0,0,0,0,0,0,0,0,0,0.000222321,0,0,0,0.000222321,0.000444642,0,0,0.000111161,0,0,0,0,0,0.000333482,0,0,0,0,0,0.000111161,0,0.007781236,0,0,0,0,0,0,0,0,0,0,0,0,0,0,0,0,0,0,0,0,0,0,0,0,0,0,0.000111161,0.000666963,0,0,0,0
MOCHIDA PHARMA,0,0,0,0.003458878,0,0.009607994,0.00076864,0,0,0,0.001921599,0,0.00038432,0,0,0.006149116,0,0,0,0,0,0,0,0,0,0,0,0,0,0.00076864,0,0,0.00038432,0,0,0.001921599,0.483089931,0.021521906,0.00038432,0,0.43812452,0.013066872,0,0,0,0,0,0,0.00038432,0,0,0,0,0,0,0,0,0,0,0,0,0,0,0,0,0,0,0,0,0,0,0,0,0,0,0,0,0,0,0,0,0,0.001537279,0,0,0,0,0,0,0,0,0,0,0,0,0,0,0.00076864,0.00038432,0.004227517,0,0,0,0,0,0,0,0,0,0,0,0,0,0,0,0,0,0,0,0,0,0,0,0.001537279,0,0,0,0,0,0.003843198,0,0,0,0,0,0,0.00038432,0,0,0,0,0,0.001537279,0,0,0,0,0,0.00076864,0.001152959,0,0,0,0,0,0,0,0,0.00038432,0,0,0,0,0,0,0,0,0,0,0,0,0,0,0,0,0,0,0,0,0,0,0,0,0,0,0,0,0,0,0,0,0,0,0,0,0,0,0,0,0,0,0,0,0,0,0,0,0,0,0,0,0,0,0,0,0,0,0,0,0,0,0,0,0,0,0,0,0,0.001152959,0,0,0,0,0,0,0,0,0.00038432,0,0,0,0,0,0,0,0,0,0,0,0,0,0,0,0,0,0,0,0,0,0,0,0,0,0,0,0,0,0,0,0,0,0
NICHI-IKO PHARMA,0,0,0,0,0,0,0,0,0,0,0,0,0,0,0,0,0,0,0,0,0,0,0,0,0,0,0,0,0,0,0,0,0,0,0,0,0.674576271,0,0,0,0.294915254,0,0,0,0,0,0.003389831,0.006779661,0.013559322,0,0,0,0,0,0,0,0,0,0,0,0,0,0,0,0,0,0,0,0,0,0,0,0,0,0,0,0,0,0,0,0,0,0,0,0,0,0,0,0,0,0,0,0,0,0,0,0,0,0,0,0,0,0,0,0,0,0,0,0,0,0,0,0,0,0,0,0,0,0,0,0,0,0,0,0,0,0,0,0,0,0,0,0,0,0,0,0,0,0,0,0,0,0,0,0,0,0,0,0,0,0,0,0,0,0,0,0,0,0,0,0,0,0,0,0,0,0,0,0,0,0,0,0,0,0,0,0,0,0,0,0,0,0,0,0,0,0,0,0,0,0,0,0,0,0,0,0,0,0,0,0,0,0,0,0,0,0,0,0,0,0,0,0,0,0,0,0,0,0,0,0,0,0,0,0,0,0,0,0,0,0,0,0,0,0,0,0,0.006779661,0,0,0,0,0,0,0,0,0,0,0,0,0,0,0,0,0,0,0,0,0,0,0,0,0,0,0,0,0,0,0,0,0,0
NIPPON CHEMIPHAR,0,0,0,0,0,0,0,0,0,0,0,0,0,0,0,0.002080444,0,0,0,0,0,0,0,0,0,0,0,0,0,0,0,0,0,0,0,0.000693481,0.47295423,0.004854369,0,0,0.514563107,0,0,0,0,0,0,0,0.000693481,0,0,0,0,0,0,0,0,0,0,0,0,0,0,0,0,0,0,0,0,0,0,0,0,0,0,0,0,0,0,0,0,0,0,0,0,0,0,0,0,0,0,0,0,0,0,0,0,0,0,0,0,0,0,0,0,0,0,0,0,0,0,0,0,0,0,0,0,0,0,0,0,0,0,0.002080444,0,0,0,0,0,0,0,0,0,0,0,0,0,0,0,0,0,0,0.000693481,0,0,0,0,0,0,0,0,0,0,0,0,0,0,0,0,0,0,0,0,0,0,0,0,0,0,0,0,0,0,0,0,0,0,0,0,0,0,0,0,0,0,0,0,0,0,0,0,0,0,0,0,0,0,0,0,0,0,0,0,0,0,0,0,0,0,0,0,0,0,0,0,0,0,0,0,0,0,0,0,0,0,0,0,0,0,0,0,0,0,0,0,0,0,0,0,0,0,0,0,0,0,0,0,0,0,0,0,0,0,0,0,0,0,0,0,0,0,0,0,0,0,0,0,0.001386963,0,0,0,0
NIPPON SHINYAKU,0,0,0,0.001577287,0,0.002103049,0,0,0,0,0,0,0.001051525,0.000525762,0,0.01997897,0,0,0,0,0,0,0,0,0,0,0,0,0,0.001051525,0,0,0,0,0,0.002628812,0.414826498,0.002103049,0,0,0.515247108,0.015772871,0,0,0,0,0.001051525,0.002628812,0.006309148,0,0,0,0,0,0,0,0,0,0,0,0,0,0,0,0,0,0,0,0,0,0,0,0,0,0,0,0.001051525,0,0,0,0,0,0,0,0,0,0,0,0,0,0,0,0,0,0,0,0,0.000525762,0,0,0,0,0,0,0,0,0,0,0,0,0,0,0,0,0,0,0,0,0,0,0,0,0,0.001577287,0,0,0,0,0,0,0,0,0.001577287,0,0,0,0,0,0,0,0,0,0,0,0,0,0,0,0,0,0,0,0,0,0,0,0.000525762,0,0,0,0,0,0,0,0,0,0,0,0,0,0.001577287,0.001051525,0,0,0,0,0,0.005257624,0,0,0,0,0,0,0,0,0,0,0,0,0,0,0,0,0,0,0,0,0,0,0,0,0,0,0,0,0,0,0,0,0,0,0,0,0,0,0,0,0,0,0,0,0,0,0,0,0,0,0,0,0,0,0,0,0,0,0,0,0,0,0,0,0,0,0,0,0,0,0,0,0,0,0,0,0,0,0,0,0,0,0,0,0,0,0,0,0,0,0,0,0,0
NISSUI PHARMA,0,0,0,0,0,0.010204082,0,0,0,0,0,0,0,0,0,0.030612245,0,0,0,0,0,0,0,0,0,0,0,0,0,0,0,0,0,0,0,0,0.255102041,0,0,0,0.520408163,0,0,0,0,0,0,0,0.010204082,0.020408163,0,0,0,0,0,0,0,0,0,0,0,0,0,0,0,0,0,0,0,0,0,0,0,0,0,0,0,0,0,0,0,0,0,0,0,0,0,0,0,0,0,0,0,0,0,0,0,0,0,0.051020408,0,0,0,0,0,0,0,0.010204082,0,0,0,0,0,0,0,0,0,0,0,0,0,0,0,0,0,0,0,0,0,0,0,0,0,0,0,0,0,0,0,0,0,0,0.010204082,0,0,0,0,0,0,0,0,0,0,0,0,0,0.040816327,0,0,0,0.010204082,0,0,0,0,0,0,0,0,0,0.030612245,0,0,0,0,0,0,0,0,0,0,0,0,0,0,0,0,0,0,0,0,0,0,0,0,0,0,0,0,0,0,0,0,0,0,0,0,0,0,0,0,0,0,0,0,0,0,0,0,0,0,0,0,0,0,0,0,0,0,0,0,0,0,0,0,0,0,0,0,0,0,0,0,0,0,0,0,0,0,0,0,0,0,0,0,0,0,0,0,0,0,0,0,0,0,0,0,0,0,0,0,0
ONO PHARMA,0,0,0,0.001141944,0,0.003425831,0,0,0,0,0,0,0,0,0,0,0,0,0,0,0,0,0,0,0,0,0,0,0,0,0,0,0.000342583,0,0,0.000685166,0.359369647,0.001598721,0.000114194,0.000114194,0.62430056,0.000114194,0,0,0,0,0,0,0.000228389,0,0,0,0,0,0,0,0,0,0,0,0,0,0,0,0,0,0,0,0,0,0,0,0,0,0,0,0,0,0,0,0,0,0.000228389,0,0,0,0,0,0,0,0,0,0,0,0,0,0,0,0,0.000913555,0,0,0,0,0,0,0,0,0,0,0,0,0,0,0,0,0,0,0,0,0,0,0,0.00262647,0,0,0,0,0.000799361,0.001027749,0,0,0.000342583,0,0,0,0,0,0,0,0,0,0.000228389,0,0,0,0,0,0,0,0,0,0,0,0,0,0.000228389,0,0,0,0,0,0,0,0,0,0,0,0,0,0.000228389,0,0,0,0,0,0,0,0,0,0,0,0,0,0,0,0,0,0,0,0,0,0,0,0,0,0,0,0,0,0,0,0,0,0,0,0,0,0,0,0,0,0,0,0,0.000228389,0,0.000456777,0,0,0,0,0,0,0,0.000114194,0,0,0,0,0,0,0,0,0,0,0,0,0,0,0,0,0,0,0,0,0,0,0.000228389,0,0,0,0,0,0,0,0,0,0,0.000456777,0,0.000114194,0,0,0,0,0,0.000342583,0,0,0,0
OTSUKA HOLDINGS,0.000243427,0.000243427,8.11425E-05,0.00227199,0,0.008519961,0.00097371,0.001541707,0.000243427,0.002190847,0,0.000486855,0.002028562,0,8.11425E-05,0.02904901,0.00032457,0,0,0,0,0,0.000162285,0.000486855,8.11425E-05,0,0,8.11425E-05,0.00032457,0.011116521,0,0,0.001135995,0,0.000405712,0.022801039,0.463567024,0.009250243,0.009737098,0.003894839,0.253975982,0.008601104,8.11425E-05,0.000162285,0,0.000243427,0.002353132,0.001379422,0.012252515,0,0.000567997,8.11425E-05,0,0,0,0.000243427,0.00032457,0.00129828,8.11425E-05,0.000162285,0.000162285,0.00032457,0,0,8.11425E-05,8.11425E-05,0,0,0,8.11425E-05,0.000162285,8.11425E-05,8.11425E-05,0,0.000162285,0.000243427,0.003164557,8.11425E-05,0.000567997,0.000162285,0.001460565,0.003489127,0.010954236,0.00064914,0.000486855,0.001703992,0,0.000243427,0.000405712,8.11425E-05,0.000892567,0,0,0,0,8.11425E-05,0,0.005193119,0,0.04633236,0.001541707,0.000486855,0,0.000162285,0.000243427,0.000486855,0,0,0,8.11425E-05,0.00227199,8.11425E-05,0.000405712,0.003489127,0.001217137,0,0,0.002758845,8.11425E-05,8.11425E-05,8.11425E-05,0,0,0.001460565,0,0,0,0,0,0.004219409,0.00032457,8.11425E-05,0.003002272,8.11425E-05,0,0.000162285,8.11425E-05,0,0.001866277,8.11425E-05,0,0,0.004543979,0,8.11425E-05,0,0.001866277,0.000486855,0,0,0,0,0,0.000162285,0,0,0.001135995,0,0,0.000730282,0.000162285,0.000243427,8.11425E-05,0,0.00194742,0.001217137,0.00064914,0,0,0.000567997,0.000243427,0.00097371,8.11425E-05,8.11425E-05,0,0,0,0,8.11425E-05,0,0,8.11425E-05,0,8.11425E-05,0.00032457,0.000162285,0.000486855,0,0.000162285,0,0,0.000162285,0,0,8.11425E-05,0.000811425,8.11425E-05,0,0,8.11425E-05,8.11425E-05,0,0,0,0,0.00032457,0,0.000162285,0,0.000162285,0,0,0.00032457,0.00097371,0,0.000486855,8.11425E-05,0.003083414,0,0.000405712,0,0,0.000730282,0.00064914,0.000162285,0,0,0,0,0,8.11425E-05,0.001054852,0.000243427,0,8.11425E-05,8.11425E-05,0,0.00032457,0,0.00032457,0.000486855,0.000162285,0,0.001217137,0.00064914,0,0,0.00227199,0,0.005679974,0,8.11425E-05,8.11425E-05,0,0.000567997,0.000486855,8.11425E-05,0,0,0,8.11425E-05,0.000243427,0,0.00032457,0,0.000243427,0.000243427,0.00032457,0.000162285,0.001541707,0.00032457,0.001703992
PEPTIDREAM INC,0,0,0,0,0,0,0,0,0,0,0,0,0,0,0,0,0,0,0,0,0,0,0,0,0,0,0,0,0,0,0,0,0,0,0,0,0.142857143,0,0,0,0.285714286,0,0,0,0,0,0,0,0,0,0,0,0,0,0,0,0,0,0,0,0,0,0,0,0,0,0,0,0,0,0,0,0,0,0,0,0,0,0,0,0,0,0,0,0,0,0,0,0,0,0,0,0,0,0,0,0,0,0,0,0,0,0,0,0,0,0,0,0,0,0,0,0,0,0,0,0,0,0,0,0,0,0,0,0,0,0,0,0,0,0,0,0,0,0,0,0,0,0,0,0,0,0,0,0,0,0,0,0,0,0,0,0,0,0,0,0,0,0,0,0,0,0,0,0,0,0,0,0,0,0.571428571,0,0,0,0,0,0,0,0,0,0,0,0,0,0,0,0,0,0,0,0,0,0,0,0,0,0,0,0,0,0,0,0,0,0,0,0,0,0,0,0,0,0,0,0,0,0,0,0,0,0,0,0,0,0,0,0,0,0,0,0,0,0,0,0,0,0,0,0,0,0,0,0,0,0,0,0,0,0,0,0,0,0,0,0,0,0,0,0,0,0,0,0,0,0,0,0,0,0,0,0,0
ROHTO PHARMA,0,0,0,0.000310655,0,0.001967485,0.000724863,0.000517759,0,0,0,0,0.000310655,0.000517759,0.000414207,0.005798902,0,0,0,0,0,0,0,0.000621311,0,0,0,0,0,0.000621311,0,0,0.001346174,0,0.000724863,0.001346174,0.65838252,0.004038521,0.000207104,0,0.23910117,0.047219633,0.000103552,0,0,0,0.000517759,0.000207104,0.001656829,0.000207104,0,0,0,0,0,0,0,0,0,0,0,0,0,0,0,0,0,0,0,0.000207104,0,0,0,0,0,0.000103552,0,0,0,0,0,0,0,0,0,0,0.000828415,0,0.000310655,0.000517759,0,0,0,0,0,0,0,0.000310655,0,0.010458735,0,0,0,0,0,0,0.000103552,0,0,0,0.000103552,0,0,0,0,0,0,0,0,0,0,0,0,0,0,0,0,0,0,0.000517759,0,0,0.000310655,0,0,0,0,0,0,0,0,0,0.000517759,0,0,0,0,0,0.000103552,0,0.000414207,0,0,0,0,0,0.002795899,0,0,0,0,0,0,0,0,0,0,0,0,0,0,0,0,0,0,0,0,0,0,0,0,0,0,0,0,0,0,0,0,0,0,0,0,0,0,0,0,0,0,0,0,0,0,0,0.000103552,0,0,0,0,0,0,0,0,0,0,0,0,0.000207104,0.01470436,0,0,0,0,0,0,0,0,0,0.000103552,0,0,0.000103552,0,0.000103552,0,0,0,0.000103552,0,0,0,0,0,0.000103552,0,0,0,0,0,0,0,0,0,0,0,0,0,0,0,0,0,0,0,0,0,0,0,0,0,0,0,0
SANTEN PHARMA,0,0,0,0.001526385,0,0.005015264,0.00043611,0,0,0,0,0,0,0,0,0.003270824,0,0,0,0,0,0,0,0,0,0,0,0,0,0.00174444,0,0,0.011120802,0,0,0.007413868,0.530745748,0.005887484,0.003488879,0.00043611,0.37047536,0.00087222,0,0,0,0,0.000218055,0.000218055,0.001090275,0,0,0,0,0,0,0,0.00043611,0,0,0,0,0,0,0,0,0,0,0,0,0,0,0.000654165,0,0,0,0,0.00174444,0,0,0,0,0,0.000218055,0,0,0,0,0.000218055,0,0,0,0,0,0,0,0,0,0.00043611,0.001090275,0.037723506,0.00043611,0,0,0,0.00043611,0.000218055,0.001090275,0,0,0,0,0,0,0,0,0,0,0,0,0,0,0,0,0.00043611,0,0,0,0,0,0.00043611,0,0,0.00043611,0,0,0,0,0,0,0,0,0,0.001090275,0,0,0,0,0,0,0,0,0,0,0,0,0,0,0,0,0,0,0,0,0,0.00130833,0,0,0,0,0,0.000218055,0,0,0,0,0,0,0,0,0,0,0,0,0,0,0,0,0,0,0,0,0,0,0,0,0,0,0,0,0,0,0.000218055,0,0,0.00043611,0,0,0.000218055,0,0.000218055,0,0,0,0.00043611,0,0,0,0,0.00174444,0,0,0,0,0,0,0,0,0,0,0,0.00043611,0,0,0,0,0,0,0.001526385,0,0,0,0,0,0.000654165,0,0,0.00087222,0,0,0,0,0,0,0,0,0,0,0,0,0,0,0,0,0,0,0,0,0,0.00043611,0,0.000218055,0
SAWAI GROUP HOLDINGS,0,0,0,0,0,0,0,0,0,0,0,0,0,0,0,0,0,0,0,0,0,0,0,0,0,0,0,0,0,0,0,0,0,0,0,0.002183406,0.729257642,0,0,0,0.242358079,0,0,0,0,0,0.004366812,0.002183406,0.006550218,0,0,0,0,0,0,0,0,0,0,0,0,0,0,0,0,0,0,0,0,0,0,0,0,0,0,0,0,0,0,0,0,0,0,0,0,0,0,0,0,0,0,0,0,0,0,0,0,0,0,0,0,0,0,0,0,0,0,0,0,0,0,0,0,0,0.004366812,0,0,0,0,0,0,0,0,0.006550218,0,0,0,0,0.002183406,0,0,0,0,0,0,0,0,0,0,0,0,0,0,0,0,0,0,0,0,0,0,0,0,0,0,0,0,0,0,0,0,0,0,0,0,0,0,0,0,0,0,0,0,0,0,0,0,0,0,0,0,0,0,0,0,0,0,0,0,0,0,0,0,0,0,0,0,0,0,0,0,0,0,0,0,0,0,0,0,0,0,0,0,0,0,0,0,0,0,0,0,0,0,0,0,0,0,0,0,0,0,0,0,0,0,0,0,0,0,0,0,0,0,0,0,0,0,0,0,0,0,0,0,0,0,0,0,0,0,0,0,0,0,0,0,0,0,0,0,0,0,0
SEIKAGAKU CORP,0,0,0,0.005307051,0,0.00227445,0,0,0,0,0,0,0,0.0015163,0.0015163,0.00227445,0,0,0,0,0,0,0,0,0,0,0.00075815,0,0,0.003790751,0,0,0.00227445,0,0,0.0030326,0.344200152,0.037907506,0.008339651,0,0.422289613,0.00227445,0,0,0,0,0,0,0.0015163,0,0,0,0,0,0,0,0,0,0,0,0,0,0,0,0,0,0,0,0,0,0,0,0,0,0,0,0,0,0,0,0,0,0,0,0,0,0,0,0,0,0,0,0,0,0,0,0,0,0,0.011372252,0,0,0,0,0,0,0,0,0,0,0,0.003790751,0.00075815,0.0015163,0,0,0,0,0,0,0,0,0,0,0,0,0,0,0.0015163,0.118271418,0,0,0.007581501,0.00075815,0,0,0,0,0,0,0,0,0,0,0,0,0,0,0,0,0,0,0,0,0,0,0.005307051,0,0,0.005307051,0,0,0,0,0,0,0,0,0,0.00075815,0,0,0,0,0,0,0,0,0,0,0,0,0,0,0,0,0,0,0,0,0,0,0,0,0,0,0,0,0,0,0,0,0,0,0,0,0,0,0,0,0,0,0,0,0,0.0030326,0,0,0.00075815,0,0,0,0,0,0,0,0,0,0,0,0,0,0,0,0,0,0,0,0,0,0,0,0,0,0,0,0,0,0,0,0,0,0,0,0,0,0,0,0,0,0,0,0,0,0,0,0,0,0,0,0,0
SHIONOGI & CO LTD,0,0,0,0.002901354,0,0.005388229,0.00013816,0,0,0,0,0,0,0.00013816,0,0.001105278,0,0.00013816,0,0,0,0,0,0,0,0,0,0,0,0,0,0,0.000276319,0,0,0.003039514,0.51436861,0.001243437,0.00013816,0,0.432163581,0.000828958,0.000276319,0,0,0,0.002072396,0.001105278,0.005250069,0,0.000276319,0,0,0.000276319,0,0,0,0.000414479,0,0,0,0,0,0,0,0,0,0,0,0,0,0,0,0,0,0,0,0,0,0,0.00013816,0,0.001105278,0,0.000414479,0,0,0,0,0,0,0,0,0,0,0,0,0.001934236,0.000276319,0.009947499,0.000414479,0,0,0,0,0,0,0,0,0,0.000690799,0,0,0,0,0,0.00013816,0,0,0,0,0,0,0.005250069,0,0,0,0,0.000276319,0.000552639,0,0,0,0.00013816,0,0,0,0,0,0,0,0,0.000276319,0,0,0,0,0,0,0,0,0,0,0,0,0,0,0,0,0.000414479,0,0,0,0,0,0,0,0,0,0,0.000552639,0,0,0,0,0,0,0.000276319,0,0,0,0,0,0,0,0,0,0,0,0,0,0,0,0,0,0,0,0,0,0,0,0,0,0,0,0.000414479,0,0.00013816,0,0,0,0,0.00013816,0.00013816,0.00013816,0,0,0.00013816,0,0,0,0,0,0,0,0,0,0,0.00013816,0,0,0.003039514,0.000276319,0,0,0,0,0.000414479,0,0,0,0,0,0,0,0,0,0,0,0,0,0.000552639,0,0,0,0,0,0,0,0,0,0,0.00013816,0,0,0,0,0,0,0,0,0
TAIKO PHARMA,0,0,0,0,0,0.054755043,0.023054755,0,0,0,0,0,0,0,0,0,0,0,0,0,0,0,0,0,0,0,0,0,0.002881844,0,0,0,0,0,0,0.002881844,0.146974063,0.126801153,0.002881844,0,0.270893372,0,0.023054755,0,0,0,0.002881844,0,0.09221902,0,0,0,0,0,0,0,0,0,0,0,0,0,0.002881844,0,0,0,0,0,0,0,0,0,0,0,0,0,0,0,0,0,0,0,0,0,0,0,0,0,0,0,0,0,0,0,0,0,0,0.002881844,0,0.043227666,0,0,0,0,0,0,0,0,0,0,0.09221902,0,0,0,0.008645533,0,0,0,0,0,0,0.005763689,0,0,0,0,0,0,0,0,0,0,0,0,0.002881844,0,0,0,0,0,0,0,0.005763689,0.017291066,0.011527378,0,0.005763689,0.005763689,0,0,0,0,0,0,0,0,0,0,0,0,0,0,0,0,0,0,0.043227666,0,0,0,0,0,0,0,0,0,0,0,0,0,0,0,0,0,0,0,0,0,0,0,0,0,0,0,0,0,0,0,0,0,0,0,0.002881844,0,0,0,0,0,0,0,0,0,0,0,0,0,0,0,0,0,0,0,0,0,0,0,0,0,0,0,0,0,0,0,0,0,0,0,0,0,0,0,0,0,0,0,0,0,0,0,0,0,0,0,0,0,0,0,0,0,0,0,0,0,0,0,0,0,0,0,0,0
TAISHO PHARMA,0,0,0,0.000837911,0,0.001303417,0.000279304,0,0,9.31012E-05,0,0.000372405,0.000837911,0,0,0.02560283,9.31012E-05,0,0,0,0,0,0,9.31012E-05,0,0,0,0,0,0.000558607,0,0,0,0,0,0.001303417,0.534773299,9.31012E-05,0.000465506,0,0.407597058,0.011823853,9.31012E-05,0,0,0,0.000279304,0.000186202,0.00232753,0,0,0,0,0,0,0.001210316,0,0,0,0,0,0,0,0,0,0,0,0,0,0,0,0,0,0,0,0,0.000837911,0,0,0.000279304,0.000465506,0,0,0,0,0,0,0,0,0,0,0,0,0,0,0,0,0.000372405,0,0.004096453,0.000651708,0,9.31012E-05,0,0,0,0,0,0,0,0,0,0,0,0,0,0,0,0,0,0,0,0,0.000837911,0,0,0,0,0.000279304,0.000372405,0,0,0.000186202,0,0,0,0,0,0.000186202,0,0,0,0,9.31012E-05,0,0,0,0,0,0,0.000186202,0,0,0,0,0,0,0,0,9.31012E-05,9.31012E-05,0,0,0,0,0,0,0,0,0,0,0,0,0,0,0,0,0,0,0,0,0,0,0,0,0,0,0,0,0,0,0,0,0,0,0,0,0,0,0,0,0,0,0,0,0.000279304,0,0,0,0.000279304,0,0,0,0,0,0,0,0,0,0,0,0,0,0,0,9.31012E-05,0,0,0,0,0,0,0,0,0,0,0,0,0,0,0,0,0,0,0,0,0,0,0,0,0,0,0,0,0,0,0,0,0,0,0,0,0,0,0,0,0,0,0,0,0,0
TAKEDA PHARMA CO LTD,0,0,0,0.002877106,0,0.002055076,0,0,0,0,0,0,0.000411015,0,0,0,0,0,0,0,0,0,0,0,0.005343198,0,0.000411015,0,0,0.001233046,0,0,0.00082203,0.000411015,0,0.004110152,0.533086724,0.004932182,0.022605836,0,0.383888204,0.000411015,0,0,0,0.002055076,0.00082203,0.00082203,0.005343198,0,0,0,0,0,0,0.006165228,0,0,0,0,0,0,0,0,0,0.001644061,0,0,0.000411015,0,0,0,0,0,0,0,0.001233046,0,0,0,0,0,0,0,0,0,0,0,0,0,0,0,0,0,0,0,0,0.001233046,0,0.002877106,0,0,0,0.000411015,0,0,0,0,0,0,0,0,0,0,0,0.006576243,0.000411015,0,0,0,0,0,0,0.000411015,0,0,0,0,0,0,0,0,0.000411015,0,0,0,0,0,0,0,0,0,0,0,0,0,0,0,0,0,0,0,0,0,0,0,0.001233046,0,0,0,0,0,0,0,0,0,0,0,0,0,0.001233046,0,0,0,0,0,0,0,0,0,0,0,0,0,0,0,0,0,0.001233046,0.000411015,0,0,0,0,0,0,0,0.00082203,0,0,0,0,0,0,0,0.000411015,0,0,0,0.000411015,0,0.000411015,0,0.000411015,0,0,0,0,0,0,0,0,0,0,0,0,0,0,0,0,0,0,0,0,0,0,0,0,0,0,0,0,0,0,0,0,0,0,0,0,0,0,0,0,0,0,0,0,0,0,0,0,0,0,0,0,0,0,0,0,0,0
TORII PHARMA,0,0,0,0,0,0,0,0,0,0,0,0,0,0,0,0,0,0,0,0,0,0,0,0,0,0,0,0,0,0.010204082,0,0,0,0,0,0.051020408,0.204081633,0,0.051020408,0,0.62244898,0.010204082,0,0,0,0,0,0,0,0,0,0,0,0,0,0,0,0,0,0,0,0,0,0,0,0,0,0,0,0,0,0,0,0,0,0,0,0,0,0,0,0,0,0,0,0,0,0,0,0,0,0,0,0,0,0,0,0,0,0,0,0,0,0,0,0,0,0,0,0,0,0,0,0,0,0,0,0,0,0,0,0,0,0,0,0,0,0,0,0,0,0,0,0,0,0,0,0,0,0,0,0,0,0,0,0,0,0,0,0,0,0,0,0,0,0,0,0,0,0,0,0,0,0,0,0,0,0,0,0,0,0,0,0,0,0,0,0,0,0,0,0,0,0,0,0,0,0,0,0,0,0,0,0,0,0,0,0,0,0,0,0,0,0,0,0,0,0,0,0,0,0,0,0,0,0,0,0,0,0,0,0,0,0,0,0,0,0,0,0,0,0,0,0,0,0,0,0.051020408,0,0,0,0,0,0,0,0,0,0,0,0,0,0,0,0,0,0,0,0,0,0,0,0,0,0,0,0,0,0,0,0,0,0
TOWA PHARMA,0,0,0,0,0,0,0,0,0,0,0,0,0,0,0,0,0,0,0,0,0,0,0,0,0,0,0,0,0,0,0,0,0,0,0,0.004431315,0.742983752,0,0.001477105,0,0.215657312,0,0,0,0,0,0.001477105,0,0.013293944,0,0,0,0,0,0,0,0,0,0,0,0,0,0,0,0,0,0,0,0,0,0,0,0,0,0,0,0,0,0,0,0,0,0,0,0,0,0,0,0,0,0,0,0,0,0,0,0,0,0,0.001477105,0,0,0,0,0,0,0,0,0,0.00295421,0,0,0,0,0,0,0,0,0,0,0,0,0,0.005908419,0,0,0,0,0,0,0,0,0,0,0,0,0,0,0,0,0,0,0,0,0,0,0,0,0,0,0,0,0,0,0,0,0,0,0,0,0,0,0,0,0,0,0,0,0,0.004431315,0,0,0,0,0,0,0,0,0,0,0,0,0,0,0,0,0,0,0,0,0,0,0,0,0,0,0,0,0,0,0,0,0,0,0,0,0,0,0,0,0,0,0,0,0,0,0,0,0,0,0,0,0,0,0,0,0,0,0,0,0,0,0,0,0,0,0,0.005908419,0,0,0,0,0,0,0,0,0,0,0,0,0,0,0,0,0,0,0,0,0,0,0,0,0,0,0,0,0,0,0,0,0,0
TSUMURA & CO,0.001988072,0.02584493,0,0,0,0.011928429,0.003976143,0,0,0,0,0,0,0,0,0.001988072,0,0,0,0,0,0,0,0,0,0,0,0,0,0.001988072,0.005964215,0,0.005964215,0,0,0.007952286,0.510934394,0.007952286,0,0,0.262425447,0.047713718,0,0,0,0,0,0,0.027833002,0,0,0,0,0,0,0,0,0,0,0,0,0.005964215,0,0,0,0,0,0,0,0,0,0,0,0,0,0,0,0,0,0,0,0,0,0,0,0,0,0,0,0,0,0,0,0,0,0,0,0.001988072,0,0.007952286,0.009940358,0,0,0,0,0,0,0,0,0,0,0,0,0.001988072,0,0,0,0,0,0,0.003976143,0,0,0.005964215,0,0,0,0,0,0,0,0,0,0,0,0,0,0,0,0,0,0,0,0,0,0,0,0,0.001988072,0,0.001988072,0,0,0,0,0,0,0,0.001988072,0,0,0,0,0,0,0,0,0,0,0,0.001988072,0,0,0,0,0,0,0,0,0,0,0,0,0,0,0,0,0,0,0,0,0,0,0,0,0,0,0.001988072,0,0,0,0,0,0,0,0,0,0,0,0,0.003976143,0,0,0,0,0,0,0,0,0,0,0,0,0,0,0.001988072,0,0.003976143,0.009940358,0,0,0,0,0,0,0,0,0,0,0,0,0,0.005964215,0,0,0,0,0,0,0,0,0.001988072,0,0,0,0,0,0,0,0,0,0,0,0,0,0,0,0,0,0,0,0
ZERIA PHARMA,0,0,0,0,0,0,0,0,0,0,0,0,0,0,0.003151261,0.025210084,0,0,0,0,0,0,0,0,0,0,0,0,0,0,0,0,0.00210084,0,0,0.00105042,0.629201681,0.00105042,0.003151261,0,0.301470588,0.003151261,0,0.00210084,0.00210084,0,0.00210084,0,0.010504202,0,0,0,0,0,0,0,0.00105042,0,0,0,0,0,0,0,0,0,0,0,0,0,0,0,0,0,0,0,0,0,0,0,0,0,0,0,0,0,0,0,0,0,0,0,0,0,0,0,0.00105042,0,0,0,0,0,0,0,0.00105042,0,0.00105042,0,0,0.00105042,0.004201681,0,0,0,0,0,0,0,0,0,0,0,0,0.004201681,0,0,0,0,0,0,0,0,0,0,0,0,0,0,0,0,0,0,0,0,0,0,0,0,0,0,0,0,0,0,0,0,0,0,0,0,0,0,0,0,0,0,0,0,0,0,0,0,0,0,0,0,0,0,0,0,0,0,0,0,0,0,0,0,0,0,0,0,0,0,0,0,0,0,0,0,0,0,0,0,0,0,0,0,0,0,0,0,0,0,0,0,0,0,0,0,0,0,0,0,0,0,0,0,0,0,0,0,0,0,0,0,0,0,0,0,0,0,0,0,0,0,0,0,0,0,0,0,0,0,0,0,0,0,0,0,0,0,0,0,0,0,0,0,0,0,0,0
RATIO,0.000119192,0.000749055,5.89537E-06,0.002024079,0.000178644,0.00547271,0.001331894,0.000109739,0.000337793,6.17283E-05,7.03836E-05,3.52406E-05,0.000225003,9.09444E-05,0.000775419,0.008689103,1.12884E-05,3.73405E-06,3.21559E-06,3.00434E-06,5.25613E-06,0.000519751,4.38608E-06,7.14194E-05,0.000149608,2.06523E-05,0.000100846,1.09482E-05,8.66598E-05,0.002299159,0.000193948,0.000127916,0.002285297,0.000196625,0.000629564,0.005171477,0.460033603,0.008537631,0.006452261,0.000465396,0.387126739,0.005479017,0.000641082,6.11655E-05,5.9849E-05,7.43998E-05,0.004242607,0.00113754,0.007644287,0.003836388,0.001654169,2.19304E-06,1.75102E-05,0.000292827,5.36251E-05,0.000535699,6.00556E-05,7.97171E-05,5.19738E-06,0.000368941,1.1304E-05,0.000175223,7.78877E-05,5.25613E-06,7.327E-06,4.66271E-05,4.13047E-05,6.88411E-06,1.11085E-05,7.79044E-06,7.39042E-06,1.98732E-05,2.19304E-06,3.70233E-06,4.38608E-06,1.46339E-05,0.00029505,2.19304E-06,2.22354E-05,1.19348E-05,7.35751E-05,9.73051E-05,0.001004934,1.75443E-05,2.7576E-05,4.91234E-05,2.23896E-05,6.76068E-05,1.93613E-05,1.61865E-05,2.41234E-05,3.21559E-06,3.21559E-06,6.43118E-06,3.21559E-06,2.19304E-06,2.83897E-05,0.000702649,5.69688E-05,0.021012055,0.000546704,4.42579E-05,2.51625E-06,1.54946E-05,5.20117E-05,1.90516E-05,6.06553E-05,0.00028267,1.37682E-05,0.000117133,0.002714381,0.000104646,4.71754E-05,0.000218129,0.000455149,0.000177736,1.48426E-05,7.45634E-05,2.19304E-06,2.19304E-06,0.000109656,0.000155775,5.25613E-06,0.001774268,1.83519E-05,1.40112E-05,5.25613E-06,2.58598E-05,0.000244406,0.0045019,8.77216E-06,9.07715E-06,0.000641548,2.64176E-05,7.78877E-05,4.38608E-06,2.38449E-05,6.00868E-06,5.54724E-05,2.19304E-06,6.88411E-06,6.88411E-06,0.000849526,0.000469842,0.000313744,3.00434E-06,0.000206215,0.000168934,8.03087E-05,3.11611E-05,0.000329834,3.00434E-06,0.000328631,2.54164E-05,3.00434E-06,3.00434E-06,0.008224329,5.25613E-06,0.000432439,0.000670206,0.000836921,6.57912E-06,4.32266E-06,6.38886E-06,9.12088E-05,3.28956E-05,0.001222123,2.12962E-06,2.12962E-06,0.000283686,0.016923718,5.47361E-05,2.19304E-06,2.19304E-06,6.88411E-06,3.21559E-06,4.01876E-05,0.000181572,1.59613E-05,3.21559E-06,3.21559E-06,8.5819E-06,3.00434E-06,2.19304E-06,1.52033E-05,4.38608E-06,1.84144E-05,3.06951E-06,3.77116E-05,1.11085E-05,2.12962E-06,4.38608E-06,3.00434E-06,1.05123E-05,2.19304E-06,2.19304E-05,2.19304E-06,7.59487E-05,8.26047E-06,2.19304E-06,2.19304E-06,5.89338E-06,7.78877E-05,3.21559E-06,1.98416E-05,0.000320163,6.00868E-06,2.98607E-05,1.85117E-05,0.001383456,0.000116818,1.11085E-05,2.50764E-05,5.29458E-05,3.73405E-06,0.000154689,2.19304E-06,0.000125122,0.000531295,1.30948E-05,1.57684E-05,6.00868E-06,0.003166621,2.36833E-05,4.38608E-06,6.65978E-05,7.38443E-06,0.000107463,0.000350458,9.64677E-06,2.98562E-05,0.000239002,1.40472E-05,2.7987E-06,4.32266E-06,1.33E-05,3.70233E-06,0.001828433,1.1107E-05,0.000219076,1.31582E-05,1.28578E-05,0.000171707,7.28961E-05,1.75443E-05,6.13902E-06,3.40858E-05,6.14051E-05,6.17267E-06,0.000155642,1.57684E-05,0.000100574,2.19304E-06,2.12962E-06,2.38698E-05,1.31582E-05,2.19304E-06,2.12962E-06,2.12962E-06,7.42769E-05,5.89537E-06,9.66545E-06,5.86367E-06,8.77216E-06,6.43118E-06,1.83555E-05,4.54417E-05,7.96817E-05,1.61728E-05,6.85432E-05,1.99217E-05,5.34585E-05